{
  "seed": 1744643427,
  "player_x": 1408.4549932479858,
  "player_y": 140.87843894958496,
  "chunks": {}
}